"","lib","nodes","constNodes","percentNodes","avgBw","safedBw","avgBwNc","safedBwNc"
"1","zlib",32726,24792,0.24243720589134,44.092807424594,22.3341067285383,40.6728538283063,9.21577726218097
"2","libjpeg",66887,52302,0.218054330437903,44.8540145985401,25.3401459854015,40.7649635036496,12.9270072992701
"3","libpng",31934,22605,0.29213377591282,37.1492805755396,20.4442446043165,32.7320143884892,9.21402877697842
"4","libgif",4562,2960,0.351161771153003,41.0483870967742,23.3709677419355,36.5322580645161,8.75806451612903
"5","libtiff",51683,36172,0.300118027204303,41.1068158697864,22.53001017294,37.1373346897253,9.47507629704985
