"","lib","nodes","constNodes","percentNodes","avgBw","safedBw","avgBwNc","safedBwNc"
"1","zlib",16361,12394,0.242466841880081,44.0651162790698,22.3674418604651,40.6372093023256,9.21860465116279
"2","libjpeg",68657,52812,0.230784916323172,46.8576051779935,26.3414239482201,43.0275080906149,14.1585760517799
"3","libpng",4270,2901,0.320608899297424,36.6491228070175,18.5175438596491,34.1491228070175,8.85087719298245
"4","libgif",6665,4584,0.312228057014254,40.7007874015748,22.9763779527559,36.2047244094488,9.49606299212599
"5","libtiff",52222,36404,0.302899161273027,41.1796407185629,22.6606786427146,37.1746506986028,9.44710578842315
